plot,year,species,LAI,carbon dioxide,temp,Mean Air Temp
10,2015,all,0.936575002,elevated,9,
10,2016,all,1.263778352,elevated,9,27.6
10,2017,all,1.311807649,elevated,9,26.7
10,2018,all,1.454139255,elevated,9,28.52326407
10,2019,all,2.108385776,elevated,9,26.81066103
10,2020,all,2.14219344,elevated,9,27.66179443
10,2021,all,2.128377761,elevated,9,28.39601674
10,2022,all,2.798338003,elevated,9,27.43495805
10,2015,all,0.902758286,elevated,9,
10,2016,all,1.362099799,elevated,9,27.6
10,2017,all,1.401778752,elevated,9,26.7
10,2018,all,1.827380424,elevated,9,28.52326407
10,2019,all,1.936419738,elevated,9,26.81066103
10,2020,all,2.424801842,elevated,9,27.66179443
10,2021,all,2.416868144,elevated,9,28.39601674
10,2022,all,2.18260942,elevated,9,27.43495805
10,2015,all,0.890016927,elevated,9,
10,2016,all,1.398240516,elevated,9,27.6
10,2017,all,1.365222952,elevated,9,26.7
10,2018,all,1.6655564,elevated,9,28.52326407
10,2019,all,1.936896867,elevated,9,26.81066103
10,2020,all,2.118263145,elevated,9,27.66179443
10,2021,all,2.369759692,elevated,9,28.39601674
10,2022,all,2.364485495,elevated,9,27.43495805
10,2015,all,0.960458909,elevated,9,
10,2016,all,1.262625144,elevated,9,27.6
10,2017,all,1.378688518,elevated,9,26.7
10,2018,all,1.783530887,elevated,9,28.52326407
10,2019,all,2.003047242,elevated,9,26.81066103
10,2020,all,2.617192564,elevated,9,27.66179443
10,2021,all,2.034058701,elevated,9,28.39601674
10,2022,all,2.546202552,elevated,9,27.43495805
10,2015,all,0.968921304,elevated,9,
10,2016,all,1.217205662,elevated,9,27.6
10,2017,all,1.24552492,elevated,9,26.7
10,2018,all,1.586336489,elevated,9,28.52326407
10,2019,all,1.887491716,elevated,9,26.81066103
10,2020,all,3.036562434,elevated,9,27.66179443
10,2021,all,2.339692741,elevated,9,28.39601674
10,2022,all,2.531402528,elevated,9,27.43495805
10,2015,all,0.96446786,elevated,9,
10,2016,all,1.249371359,elevated,9,27.6
10,2017,all,1.270465515,elevated,9,26.7
10,2018,all,1.529369068,elevated,9,28.52326407
10,2019,all,2.053624042,elevated,9,26.81066103
10,2020,all,2.231573152,elevated,9,27.66179443
10,2021,all,2.163578447,elevated,9,28.39601674
10,2022,all,2.301620395,elevated,9,27.43495805
10,2015,all,0.920735792,elevated,9,
10,2016,all,1.333436903,elevated,9,27.6
10,2017,all,1.310807393,elevated,9,26.7
10,2018,all,1.65503509,elevated,9,28.52326407
10,2019,all,2.056597055,elevated,9,26.81066103
10,2020,all,2.261368437,elevated,9,27.66179443
10,2021,all,2.143773892,elevated,9,28.39601674
10,2022,all,2.20666927,elevated,9,27.43495805
10,2015,all,0.948534868,elevated,9,
10,2016,all,1.223607579,elevated,9,27.6
10,2017,all,1.441537763,elevated,9,26.7
10,2018,all,1.511378066,elevated,9,28.52326407
10,2019,all,1.921347746,elevated,9,26.81066103
10,2020,all,2.321163391,elevated,9,27.66179443
10,2021,all,2.113516031,elevated,9,28.39601674
10,2022,all,2.425925758,elevated,9,27.43495805
10,2015,all,0.925037151,elevated,9,
10,2016,all,1.238417457,elevated,9,27.6
10,2017,all,1.349898838,elevated,9,26.7
10,2018,all,1.597946267,elevated,9,28.52326407
10,2019,all,2.274837067,elevated,9,26.81066103
10,2020,all,2.21176221,elevated,9,27.66179443
10,2021,all,2.459482791,elevated,9,28.39601674
10,2022,all,2.551303747,elevated,9,27.43495805
10,2015,all,1.014038237,elevated,9,
10,2016,all,1.276615728,elevated,9,27.6
10,2017,all,1.196396165,elevated,9,26.7
10,2018,all,1.597477054,elevated,9,28.52326407
10,2019,all,1.976830221,elevated,9,26.81066103
10,2020,all,2.144529327,elevated,9,27.66179443
10,2021,all,2.614111159,elevated,9,28.39601674
10,2022,all,3.027696506,elevated,9,27.43495805
11,2015,all,1.895070518,elevated,2.25,
11,2016,all,1.954586863,elevated,2.25,21.4
11,2017,all,2.08779057,elevated,2.25,20.6
11,2018,all,2.766623515,elevated,2.25,22.04421721
11,2019,all,2.169168717,elevated,2.25,20.07491465
11,2020,all,2.280424088,elevated,2.25,20.85364361
11,2021,all,2.711411605,elevated,2.25,21.8496103
11,2022,all,2.16556309,elevated,2.25,20.5571651
11,2015,all,2.040656701,elevated,2.25,
11,2016,all,1.779278495,elevated,2.25,21.4
11,2017,all,1.880075303,elevated,2.25,20.6
11,2018,all,1.932952908,elevated,2.25,22.04421721
11,2019,all,2.283118707,elevated,2.25,20.07491465
11,2020,all,2.161834402,elevated,2.25,20.85364361
11,2021,all,2.366261609,elevated,2.25,21.8496103
11,2022,all,2.094353429,elevated,2.25,20.5571651
11,2015,all,1.878916946,elevated,2.25,
11,2016,all,1.846922645,elevated,2.25,21.4
11,2017,all,1.800695474,elevated,2.25,20.6
11,2018,all,2.358257323,elevated,2.25,22.04421721
11,2019,all,2.194328436,elevated,2.25,20.07491465
11,2020,all,2.409716573,elevated,2.25,20.85364361
11,2021,all,2.299113187,elevated,2.25,21.8496103
11,2022,all,2.439109429,elevated,2.25,20.5571651
11,2015,all,1.864816424,elevated,2.25,
11,2016,all,1.935239806,elevated,2.25,21.4
11,2017,all,2.380299776,elevated,2.25,20.6
11,2018,all,2.006241687,elevated,2.25,22.04421721
11,2019,all,2.553341906,elevated,2.25,20.07491465
11,2020,all,2.385199089,elevated,2.25,20.85364361
11,2021,all,2.205164967,elevated,2.25,21.8496103
11,2022,all,2.228643863,elevated,2.25,20.5571651
11,2015,all,3.860266692,elevated,2.25,
11,2016,all,2.173497139,elevated,2.25,21.4
11,2017,all,1.766631321,elevated,2.25,20.6
11,2018,all,2.030612678,elevated,2.25,22.04421721
11,2019,all,2.016323618,elevated,2.25,20.07491465
11,2020,all,2.433770173,elevated,2.25,20.85364361
11,2021,all,2.298635121,elevated,2.25,21.8496103
11,2022,all,2.057237718,elevated,2.25,20.5571651
11,2015,all,2.090704246,elevated,2.25,
11,2016,all,1.786672261,elevated,2.25,21.4
11,2017,all,1.961298422,elevated,2.25,20.6
11,2018,all,1.965711102,elevated,2.25,22.04421721
11,2019,all,2.161481683,elevated,2.25,20.07491465
11,2020,all,2.463688568,elevated,2.25,20.85364361
11,2021,all,2.294926407,elevated,2.25,21.8496103
11,2022,all,2.367289194,elevated,2.25,20.5571651
11,2015,all,1.982182038,elevated,2.25,
11,2016,all,1.892545811,elevated,2.25,21.4
11,2017,all,1.779357088,elevated,2.25,20.6
11,2018,all,2.038794659,elevated,2.25,22.04421721
11,2019,all,2.108848737,elevated,2.25,20.07491465
11,2020,all,2.766578372,elevated,2.25,20.85364361
11,2021,all,2.301698226,elevated,2.25,21.8496103
11,2022,all,2.276694213,elevated,2.25,20.5571651
11,2015,all,1.860635187,elevated,2.25,
11,2016,all,1.806504753,elevated,2.25,21.4
11,2017,all,1.934652789,elevated,2.25,20.6
11,2018,all,1.9878799,elevated,2.25,22.04421721
11,2019,all,2.055204436,elevated,2.25,20.07491465
11,2020,all,2.323013111,elevated,2.25,20.85364361
11,2021,all,2.47823787,elevated,2.25,21.8496103
11,2022,all,2.103389715,elevated,2.25,20.5571651
11,2015,all,1.985723198,elevated,2.25,
11,2016,all,1.842375497,elevated,2.25,21.4
11,2017,all,1.824066929,elevated,2.25,20.6
11,2018,all,2.0875177,elevated,2.25,22.04421721
11,2019,all,2.33791772,elevated,2.25,20.07491465
11,2020,all,2.272387254,elevated,2.25,20.85364361
11,2021,all,2.398987879,elevated,2.25,21.8496103
11,2022,all,2.101634513,elevated,2.25,20.5571651
11,2015,all,1.979617276,elevated,2.25,
11,2016,all,2.16222964,elevated,2.25,21.4
11,2017,all,1.830395656,elevated,2.25,20.6
11,2018,all,2.024804622,elevated,2.25,22.04421721
11,2019,all,2.16251802,elevated,2.25,20.07491465
11,2020,all,2.193768446,elevated,2.25,20.85364361
11,2021,all,2.460098618,elevated,2.25,21.8496103
11,2022,all,2.119833467,elevated,2.25,20.5571651
13,2015,all,1.232659335,ambient,4.5,
13,2016,all,1.233976566,ambient,4.5,23.5
13,2017,all,1.401468933,ambient,4.5,22.5
13,2018,all,1.455506084,ambient,4.5,24.21380207
13,2019,all,1.528430952,ambient,4.5,22.59145946
13,2020,all,1.605632906,ambient,4.5,23.40118581
13,2021,all,1.845540084,ambient,4.5,24.13453584
13,2022,all,1.682186814,ambient,4.5,23.30920905
13,2015,all,1.046983902,ambient,4.5,
13,2016,all,1.244724666,ambient,4.5,23.5
13,2017,all,1.269073689,ambient,4.5,22.5
13,2018,all,1.501804806,ambient,4.5,24.21380207
13,2019,all,1.387980035,ambient,4.5,22.59145946
13,2020,all,1.837457909,ambient,4.5,23.40118581
13,2021,all,1.598236757,ambient,4.5,24.13453584
13,2022,all,1.780567202,ambient,4.5,23.30920905
13,2015,all,1.117750237,ambient,4.5,
13,2016,all,1.200499499,ambient,4.5,23.5
13,2017,all,1.381857162,ambient,4.5,22.5
13,2018,all,1.482523495,ambient,4.5,24.21380207
13,2019,all,1.75115659,ambient,4.5,22.59145946
13,2020,all,1.590796663,ambient,4.5,23.40118581
13,2021,all,1.61624958,ambient,4.5,24.13453584
13,2022,all,1.645264755,ambient,4.5,23.30920905
13,2015,all,1.087472038,ambient,4.5,
13,2016,all,1.165899195,ambient,4.5,23.5
13,2017,all,1.265179874,ambient,4.5,22.5
13,2018,all,1.431869933,ambient,4.5,24.21380207
13,2019,all,1.548692126,ambient,4.5,22.59145946
13,2020,all,1.560082208,ambient,4.5,23.40118581
13,2021,all,1.630301966,ambient,4.5,24.13453584
13,2022,all,1.834803568,ambient,4.5,23.30920905
13,2015,all,1.059625819,ambient,4.5,
13,2016,all,1.215381848,ambient,4.5,23.5
13,2017,all,1.282584897,ambient,4.5,22.5
13,2018,all,1.423803909,ambient,4.5,24.21380207
13,2019,all,1.537417479,ambient,4.5,22.59145946
13,2020,all,1.681506816,ambient,4.5,23.40118581
13,2021,all,1.608297554,ambient,4.5,24.13453584
13,2022,all,1.677515624,ambient,4.5,23.30920905
13,2015,all,1.10530348,ambient,4.5,
13,2016,all,1.220469984,ambient,4.5,23.5
13,2017,all,1.252304357,ambient,4.5,22.5
13,2018,all,1.477966612,ambient,4.5,24.21380207
13,2019,all,2.310603244,ambient,4.5,22.59145946
13,2020,all,1.667992173,ambient,4.5,23.40118581
13,2021,all,1.72235652,ambient,4.5,24.13453584
13,2022,all,1.775931296,ambient,4.5,23.30920905
13,2015,all,1.118988465,ambient,4.5,
13,2016,all,1.202722545,ambient,4.5,23.5
13,2017,all,1.427457631,ambient,4.5,22.5
13,2018,all,1.549223436,ambient,4.5,24.21380207
13,2019,all,1.354461633,ambient,4.5,22.59145946
13,2020,all,1.677352407,ambient,4.5,23.40118581
13,2021,all,1.623834072,ambient,4.5,24.13453584
13,2022,all,1.671600105,ambient,4.5,23.30920905
13,2015,all,1.024361546,ambient,4.5,
13,2016,all,1.198470001,ambient,4.5,23.5
13,2017,all,1.449358558,ambient,4.5,22.5
13,2018,all,1.52647887,ambient,4.5,24.21380207
13,2019,all,1.506626491,ambient,4.5,22.59145946
13,2020,all,1.867092324,ambient,4.5,23.40118581
13,2021,all,1.568987579,ambient,4.5,24.13453584
13,2022,all,1.635674097,ambient,4.5,23.30920905
13,2015,all,1.136203508,ambient,4.5,
13,2016,all,1.218482133,ambient,4.5,23.5
13,2017,all,1.355093932,ambient,4.5,22.5
13,2018,all,1.449418666,ambient,4.5,24.21380207
13,2019,all,1.424716964,ambient,4.5,22.59145946
13,2020,all,1.666582364,ambient,4.5,23.40118581
13,2021,all,1.602652861,ambient,4.5,24.13453584
13,2022,all,1.673126076,ambient,4.5,23.30920905
13,2015,all,1.078962391,ambient,4.5,
13,2016,all,1.168938712,ambient,4.5,23.5
13,2017,all,1.170254753,ambient,4.5,22.5
13,2018,all,1.470700418,ambient,4.5,24.21380207
13,2019,all,1.542467372,ambient,4.5,22.59145946
13,2020,all,1.717095691,ambient,4.5,23.40118581
13,2021,all,1.561818793,ambient,4.5,24.13453584
13,2022,all,1.889308494,ambient,4.5,23.30920905
16,2015,all,1.878254355,elevated,6.75,
16,2016,all,1.609299506,elevated,6.75,25.5
16,2017,all,1.705717973,elevated,6.75,24.8
16,2018,all,1.858127349,elevated,6.75,26.36388934
16,2019,all,2.033240814,elevated,6.75,24.64094607
16,2020,all,2.105809563,elevated,6.75,25.42848372
16,2021,all,2.172756291,elevated,6.75,26.25265443
16,2022,all,2.072189713,elevated,6.75,23.91182396
16,2015,all,1.863671503,elevated,6.75,
16,2016,all,1.909351781,elevated,6.75,25.5
16,2017,all,1.692691612,elevated,6.75,24.8
16,2018,all,1.914552217,elevated,6.75,26.36388934
16,2019,all,1.862890438,elevated,6.75,24.64094607
16,2020,all,1.7963127,elevated,6.75,25.42848372
16,2021,all,1.991025308,elevated,6.75,26.25265443
16,2022,all,1.955463925,elevated,6.75,23.91182396
16,2015,all,1.720148737,elevated,6.75,
16,2016,all,1.714001924,elevated,6.75,25.5
16,2017,all,1.731685503,elevated,6.75,24.8
16,2018,all,1.743896611,elevated,6.75,26.36388934
16,2019,all,1.699858512,elevated,6.75,24.64094607
16,2020,all,2.050775103,elevated,6.75,25.42848372
16,2021,all,1.996178901,elevated,6.75,26.25265443
16,2022,all,1.855608457,elevated,6.75,23.91182396
16,2015,all,1.935941123,elevated,6.75,
16,2016,all,1.568739845,elevated,6.75,25.5
16,2017,all,1.675079038,elevated,6.75,24.8
16,2018,all,1.827659001,elevated,6.75,26.36388934
16,2019,all,1.804407589,elevated,6.75,24.64094607
16,2020,all,1.821266997,elevated,6.75,25.42848372
16,2021,all,1.938162781,elevated,6.75,26.25265443
16,2022,all,1.891074352,elevated,6.75,23.91182396
16,2015,all,1.809794228,elevated,6.75,
16,2016,all,1.750337536,elevated,6.75,25.5
16,2017,all,1.728667157,elevated,6.75,24.8
16,2018,all,1.985037597,elevated,6.75,26.36388934
16,2019,all,1.939981116,elevated,6.75,24.64094607
16,2020,all,1.892136176,elevated,6.75,25.42848372
16,2021,all,1.952472811,elevated,6.75,26.25265443
16,2022,all,1.968009993,elevated,6.75,23.91182396
16,2015,all,1.777489221,elevated,6.75,
16,2016,all,1.76902543,elevated,6.75,25.5
16,2017,all,1.807351942,elevated,6.75,24.8
16,2018,all,1.691381585,elevated,6.75,26.36388934
16,2019,all,2.147665862,elevated,6.75,24.64094607
16,2020,all,2.069995069,elevated,6.75,25.42848372
16,2021,all,2.359044625,elevated,6.75,26.25265443
16,2022,all,1.983878566,elevated,6.75,23.91182396
16,2015,all,1.813464771,elevated,6.75,
16,2016,all,1.835744415,elevated,6.75,25.5
16,2017,all,1.65551646,elevated,6.75,24.8
16,2018,all,1.939586987,elevated,6.75,26.36388934
16,2019,all,1.837039729,elevated,6.75,24.64094607
16,2020,all,1.95127666,elevated,6.75,25.42848372
16,2021,all,2.082800521,elevated,6.75,26.25265443
16,2022,all,1.731131917,elevated,6.75,23.91182396
16,2015,all,1.758413021,elevated,6.75,
16,2016,all,2.222298473,elevated,6.75,25.5
16,2017,all,1.808349492,elevated,6.75,24.8
16,2018,all,1.758107654,elevated,6.75,26.36388934
16,2019,all,2.006206292,elevated,6.75,24.64094607
16,2020,all,1.954480112,elevated,6.75,25.42848372
16,2021,all,1.993043075,elevated,6.75,26.25265443
16,2022,all,1.742810845,elevated,6.75,23.91182396
16,2015,all,1.858611822,elevated,6.75,
16,2016,all,1.91848279,elevated,6.75,25.5
16,2017,all,1.631222222,elevated,6.75,24.8
16,2018,all,1.868769708,elevated,6.75,26.36388934
16,2019,all,1.822641652,elevated,6.75,24.64094607
16,2020,all,2.398398591,elevated,6.75,25.42848372
16,2021,all,1.986377321,elevated,6.75,26.25265443
16,2022,all,1.929029583,elevated,6.75,23.91182396
16,2015,all,2.679675117,elevated,6.75,
16,2016,all,1.616771564,elevated,6.75,25.5
16,2017,all,2.421588457,elevated,6.75,24.8
16,2018,all,1.765699403,elevated,6.75,26.36388934
16,2019,all,1.731893808,elevated,6.75,24.64094607
16,2020,all,1.898159875,elevated,6.75,25.42848372
16,2021,all,2.315468767,elevated,6.75,26.25265443
16,2022,all,1.883359246,elevated,6.75,23.91182396
17,2015,all,0.978387491,ambient,9,
17,2016,all,1.015483987,ambient,9,27.8
17,2017,all,0.920856696,ambient,9,26.8
17,2018,all,0.986827832,ambient,9,28.44766258
17,2019,all,1.021710013,ambient,9,26.80955569
17,2020,all,1.246223461,ambient,9,27.58540205
17,2021,all,1.227801567,ambient,9,28.42788888
17,2022,all,1.287897041,ambient,9,25.52832221
17,2015,all,0.958518955,ambient,9,
17,2016,all,1.035937669,ambient,9,27.8
17,2017,all,0.996754474,ambient,9,26.8
17,2018,all,1.045822937,ambient,9,28.44766258
17,2019,all,1.003481869,ambient,9,26.80955569
17,2020,all,1.186204465,ambient,9,27.58540205
17,2021,all,1.222483077,ambient,9,28.42788888
17,2022,all,1.215317869,ambient,9,25.52832221
17,2015,all,1.02395835,ambient,9,
17,2016,all,1.109366785,ambient,9,27.8
17,2017,all,0.998498866,ambient,9,26.8
17,2018,all,0.961450337,ambient,9,28.44766258
17,2019,all,1.046108001,ambient,9,26.80955569
17,2020,all,1.229932851,ambient,9,27.58540205
17,2021,all,1.229196222,ambient,9,28.42788888
17,2022,all,1.3958965,ambient,9,25.52832221
17,2015,all,0.949767906,ambient,9,
17,2016,all,0.977894247,ambient,9,27.8
17,2017,all,0.966087652,ambient,9,26.8
17,2018,all,1.01618803,ambient,9,28.44766258
17,2019,all,1.032720446,ambient,9,26.80955569
17,2020,all,1.153110401,ambient,9,27.58540205
17,2021,all,1.277908338,ambient,9,28.42788888
17,2022,all,1.294994789,ambient,9,25.52832221
17,2015,all,1.027776253,ambient,9,
17,2016,all,1.04981911,ambient,9,27.8
17,2017,all,0.996668762,ambient,9,26.8
17,2018,all,1.002603493,ambient,9,28.44766258
17,2019,all,1.047967283,ambient,9,26.80955569
17,2020,all,1.191109987,ambient,9,27.58540205
17,2021,all,1.228566336,ambient,9,28.42788888
17,2022,all,1.177695038,ambient,9,25.52832221
17,2015,all,1.02656884,ambient,9,
17,2016,all,0.991889036,ambient,9,27.8
17,2017,all,0.988866889,ambient,9,26.8
17,2018,all,0.966245758,ambient,9,28.44766258
17,2019,all,0.968630358,ambient,9,26.80955569
17,2020,all,1.189493503,ambient,9,27.58540205
17,2021,all,1.253159928,ambient,9,28.42788888
17,2022,all,1.371873699,ambient,9,25.52832221
17,2015,all,0.929797569,ambient,9,
17,2016,all,1.009750199,ambient,9,27.8
17,2017,all,1.01256019,ambient,9,26.8
17,2018,all,1.072724792,ambient,9,28.44766258
17,2019,all,1.010497302,ambient,9,26.80955569
17,2020,all,1.380713824,ambient,9,27.58540205
17,2021,all,1.31766765,ambient,9,28.42788888
17,2022,all,1.263218825,ambient,9,25.52832221
17,2015,all,0.94719079,ambient,9,
17,2016,all,0.966859545,ambient,9,27.8
17,2017,all,0.949322911,ambient,9,26.8
17,2018,all,0.992360305,ambient,9,28.44766258
17,2019,all,1.149056755,ambient,9,26.80955569
17,2020,all,1.227955394,ambient,9,27.58540205
17,2021,all,1.286681429,ambient,9,28.42788888
17,2022,all,1.308117305,ambient,9,25.52832221
17,2015,all,0.985941653,ambient,9,
17,2016,all,1.031674368,ambient,9,27.8
17,2017,all,0.899095083,ambient,9,26.8
17,2018,all,0.933341836,ambient,9,28.44766258
17,2019,all,1.02118002,ambient,9,26.80955569
17,2020,all,1.112388815,ambient,9,27.58540205
17,2021,all,1.163268553,ambient,9,28.42788888
17,2022,all,1.395893357,ambient,9,25.52832221
17,2015,all,0.997808954,ambient,9,
17,2016,all,0.991960498,ambient,9,27.8
17,2017,all,0.928360918,ambient,9,26.8
17,2018,all,1.008995948,ambient,9,28.44766258
17,2019,all,1.053966759,ambient,9,26.80955569
17,2020,all,1.160256656,ambient,9,27.58540205
17,2021,all,1.157815254,ambient,9,28.42788888
17,2022,all,1.209834057,ambient,9,25.52832221
19,2015,all,1.941219429,elevated,0,
19,2016,all,1.822295141,elevated,0,18.9
19,2017,all,1.714320516,elevated,0,17.8
19,2018,all,1.81395844,elevated,0,19.20781542
19,2019,all,1.854633088,elevated,0,17.36404034
19,2020,all,1.836753995,elevated,0,18.07032146
19,2021,all,1.934630788,elevated,0,19.87614343
19,2022,all,1.697861549,elevated,0,18.21423664
19,2015,all,1.922616674,elevated,0,
19,2016,all,1.598389294,elevated,0,18.9
19,2017,all,1.864242312,elevated,0,17.8
19,2018,all,1.835569266,elevated,0,19.20781542
19,2019,all,1.76256229,elevated,0,17.36404034
19,2020,all,1.958430236,elevated,0,18.07032146
19,2021,all,2.227696156,elevated,0,19.87614343
19,2022,all,1.979494238,elevated,0,18.21423664
19,2015,all,1.850690161,elevated,0,
19,2016,all,2.043095851,elevated,0,18.9
19,2017,all,2.067189357,elevated,0,17.8
19,2018,all,2.063683313,elevated,0,19.20781542
19,2019,all,1.878341522,elevated,0,17.36404034
19,2020,all,1.763217523,elevated,0,18.07032146
19,2021,all,1.921130778,elevated,0,19.87614343
19,2022,all,2.086879703,elevated,0,18.21423664
19,2015,all,2.031389092,elevated,0,
19,2016,all,1.769272282,elevated,0,18.9
19,2017,all,1.676772668,elevated,0,17.8
19,2018,all,1.913872271,elevated,0,19.20781542
19,2019,all,1.846538476,elevated,0,17.36404034
19,2020,all,1.98592528,elevated,0,18.07032146
19,2021,all,1.905097926,elevated,0,19.87614343
19,2022,all,2.266549972,elevated,0,18.21423664
19,2015,all,1.851244655,elevated,0,
19,2016,all,1.646906681,elevated,0,18.9
19,2017,all,1.798605474,elevated,0,17.8
19,2018,all,1.978257575,elevated,0,19.20781542
19,2019,all,2.25862648,elevated,0,17.36404034
19,2020,all,1.753768586,elevated,0,18.07032146
19,2021,all,1.757435042,elevated,0,19.87614343
19,2022,all,1.675530918,elevated,0,18.21423664
19,2015,all,2.107356784,elevated,0,
19,2016,all,1.797674161,elevated,0,18.9
19,2017,all,1.905762699,elevated,0,17.8
19,2018,all,1.927331497,elevated,0,19.20781542
19,2019,all,1.744562493,elevated,0,17.36404034
19,2020,all,2.289958436,elevated,0,18.07032146
19,2021,all,1.761941594,elevated,0,19.87614343
19,2022,all,1.678384218,elevated,0,18.21423664
19,2015,all,1.963294287,elevated,0,
19,2016,all,1.693764092,elevated,0,18.9
19,2017,all,1.847454508,elevated,0,17.8
19,2018,all,1.721044643,elevated,0,19.20781542
19,2019,all,1.909647439,elevated,0,17.36404034
19,2020,all,1.979542314,elevated,0,18.07032146
19,2021,all,1.959744999,elevated,0,19.87614343
19,2022,all,1.795141097,elevated,0,18.21423664
19,2015,all,1.792342635,elevated,0,
19,2016,all,1.735230172,elevated,0,18.9
19,2017,all,2.301345794,elevated,0,17.8
19,2018,all,1.778652392,elevated,0,19.20781542
19,2019,all,1.833431513,elevated,0,17.36404034
19,2020,all,1.714941547,elevated,0,18.07032146
19,2021,all,1.835530945,elevated,0,19.87614343
19,2022,all,1.743895435,elevated,0,18.21423664
19,2015,all,1.84523359,elevated,0,
19,2016,all,1.931740545,elevated,0,18.9
19,2017,all,1.771326107,elevated,0,17.8
19,2018,all,1.741691267,elevated,0,19.20781542
19,2019,all,1.853728913,elevated,0,17.36404034
19,2020,all,2.181065765,elevated,0,18.07032146
19,2021,all,2.190746516,elevated,0,19.87614343
19,2022,all,1.680671011,elevated,0,18.21423664
19,2015,all,1.998107723,elevated,0,
19,2016,all,1.846262482,elevated,0,18.9
19,2017,all,1.75680147,elevated,0,17.8
19,2018,all,2.087858336,elevated,0,19.20781542
19,2019,all,1.918283517,elevated,0,17.36404034
19,2020,all,1.844664625,elevated,0,18.07032146
19,2021,all,2.147469812,elevated,0,19.87614343
19,2022,all,2.169440037,elevated,0,18.21423664
20,2015,all,2.241384199,ambient,2.25,
20,2016,all,2.312730473,ambient,2.25,21.6
20,2017,all,2.408319046,ambient,2.25,20.5
20,2018,all,3.025566885,ambient,2.25,21.69949889
20,2019,all,2.389463633,ambient,2.25,20.04202942
20,2020,all,2.745694491,ambient,2.25,20.80384694
20,2021,all,3.160167386,ambient,2.25,21.85670252
20,2022,all,2.489820518,ambient,2.25,20.35946611
20,2015,all,2.272890849,ambient,2.25,
20,2016,all,2.135839328,ambient,2.25,21.6
20,2017,all,2.17469621,ambient,2.25,20.5
20,2018,all,2.468946786,ambient,2.25,21.69949889
20,2019,all,2.463009613,ambient,2.25,20.04202942
20,2020,all,2.69185336,ambient,2.25,20.80384694
20,2021,all,3.808676716,ambient,2.25,21.85670252
20,2022,all,2.300243429,ambient,2.25,20.35946611
20,2015,all,2.147343602,ambient,2.25,
20,2016,all,2.367902986,ambient,2.25,21.6
20,2017,all,2.389115394,ambient,2.25,20.5
20,2018,all,2.631902376,ambient,2.25,21.69949889
20,2019,all,2.274480118,ambient,2.25,20.04202942
20,2020,all,2.618076228,ambient,2.25,20.80384694
20,2021,all,2.930890044,ambient,2.25,21.85670252
20,2022,all,2.496883425,ambient,2.25,20.35946611
20,2015,all,2.077404395,ambient,2.25,
20,2016,all,2.041558643,ambient,2.25,21.6
20,2017,all,2.135783253,ambient,2.25,20.5
20,2018,all,2.843803844,ambient,2.25,21.69949889
20,2019,all,2.417232266,ambient,2.25,20.04202942
20,2020,all,3.088937457,ambient,2.25,20.80384694
20,2021,all,3.001901199,ambient,2.25,21.85670252
20,2022,all,3.336473816,ambient,2.25,20.35946611
20,2015,all,2.063046161,ambient,2.25,
20,2016,all,1.978046148,ambient,2.25,21.6
20,2017,all,2.2937912,ambient,2.25,20.5
20,2018,all,2.791384342,ambient,2.25,21.69949889
20,2019,all,2.689750961,ambient,2.25,20.04202942
20,2020,all,2.667247908,ambient,2.25,20.80384694
20,2021,all,3.64468947,ambient,2.25,21.85670252
20,2022,all,2.424373094,ambient,2.25,20.35946611
20,2015,all,2.098351507,ambient,2.25,
20,2016,all,2.753221753,ambient,2.25,21.6
20,2017,all,2.413551694,ambient,2.25,20.5
20,2018,all,2.540401127,ambient,2.25,21.69949889
20,2019,all,2.413551583,ambient,2.25,20.04202942
20,2020,all,2.692929817,ambient,2.25,20.80384694
20,2021,all,2.83238814,ambient,2.25,21.85670252
20,2022,all,2.437188351,ambient,2.25,20.35946611
20,2015,all,2.119577654,ambient,2.25,
20,2016,all,2.240169414,ambient,2.25,21.6
20,2017,all,2.221260657,ambient,2.25,20.5
20,2018,all,2.479073526,ambient,2.25,21.69949889
20,2019,all,2.359829855,ambient,2.25,20.04202942
20,2020,all,2.652858627,ambient,2.25,20.80384694
20,2021,all,2.856222364,ambient,2.25,21.85670252
20,2022,all,2.226951476,ambient,2.25,20.35946611
20,2015,all,2.138938595,ambient,2.25,
20,2016,all,2.167978586,ambient,2.25,21.6
20,2017,all,2.207173688,ambient,2.25,20.5
20,2018,all,2.764537706,ambient,2.25,21.69949889
20,2019,all,2.433963776,ambient,2.25,20.04202942
20,2020,all,2.685069435,ambient,2.25,20.80384694
20,2021,all,4.278507252,ambient,2.25,21.85670252
20,2022,all,2.66726916,ambient,2.25,20.35946611
20,2015,all,2.297328772,ambient,2.25,
20,2016,all,1.899791495,ambient,2.25,21.6
20,2017,all,2.347411515,ambient,2.25,20.5
20,2018,all,2.333428284,ambient,2.25,21.69949889
20,2019,all,2.845226353,ambient,2.25,20.04202942
20,2020,all,3.109417087,ambient,2.25,20.80384694
20,2021,all,3.032145888,ambient,2.25,21.85670252
20,2022,all,2.482113146,ambient,2.25,20.35946611
20,2015,all,2.16234873,ambient,2.25,
20,2016,all,2.103442286,ambient,2.25,21.6
20,2017,all,2.338850254,ambient,2.25,20.5
20,2018,all,2.493461386,ambient,2.25,21.69949889
20,2019,all,2.332378445,ambient,2.25,20.04202942
20,2020,all,2.929318142,ambient,2.25,20.80384694
20,2021,all,2.9439226,ambient,2.25,21.85670252
20,2022,all,2.332115799,ambient,2.25,20.35946611
21,2015,all,1.977291853,control,control,
21,2016,all,2.311746947,control,control,17.1
21,2017,all,2.170204157,control,control,16.0
21,2018,all,1.927291843,control,control,17.43406012
21,2019,all,2.218107729,control,control,16.02171182
21,2020,all,2.28616054,control,control,16.73899955
21,2021,all,2.979384421,control,control,18.11791571
21,2022,all,1.934813555,control,control,16.92604903
21,2022,all,2.183996628,control,control,16.92604903
21,2015,all,1.922074677,control,control,
21,2016,all,2.063609562,control,control,17.1
21,2017,all,2.286247844,control,control,16.0
21,2018,all,2.341134897,control,control,17.43406012
21,2019,all,2.600267064,control,control,16.02171182
21,2020,all,2.157170434,control,control,16.73899955
21,2021,all,2.813863606,control,control,18.11791571
21,2022,all,2.12580743,control,control,16.92604903
21,2015,all,1.965593081,control,control,
21,2016,all,2.306695281,control,control,17.1
21,2017,all,2.117856763,control,control,16.0
21,2018,all,2.05036959,control,control,17.43406012
21,2019,all,2.127838727,control,control,16.02171182
21,2020,all,2.433155071,control,control,16.73899955
21,2021,all,2.420091364,control,control,18.11791571
21,2022,all,2.142585664,control,control,16.92604903
21,2015,all,1.902958172,control,control,
21,2016,all,2.00782476,control,control,17.1
21,2017,all,2.123424094,control,control,16.0
21,2018,all,2.114393215,control,control,17.43406012
21,2019,all,2.103211235,control,control,16.02171182
21,2020,all,2.532168572,control,control,16.73899955
21,2021,all,2.798028172,control,control,18.11791571
21,2022,all,2.166129437,control,control,16.92604903
21,2015,all,1.841195431,control,control,
21,2016,all,2.562415485,control,control,17.1
21,2017,all,2.175409718,control,control,16.0
21,2018,all,2.060814411,control,control,17.43406012
21,2019,all,2.179515965,control,control,16.02171182
21,2020,all,2.609062262,control,control,16.73899955
21,2021,all,2.834615656,control,control,18.11791571
21,2022,all,2.013869364,control,control,16.92604903
21,2015,all,2.670777853,control,control,
21,2016,all,1.95896699,control,control,17.1
21,2017,all,2.004603331,control,control,16.0
21,2018,all,2.083111201,control,control,17.43406012
21,2019,all,2.2446178,control,control,16.02171182
21,2020,all,2.51726382,control,control,16.73899955
21,2021,all,2.8522154,control,control,18.11791571
21,2022,all,1.960597739,control,control,16.92604903
21,2015,all,2.240760446,control,control,
21,2016,all,1.985416246,control,control,17.1
21,2017,all,2.005539382,control,control,16.0
21,2018,all,1.937985383,control,control,17.43406012
21,2019,all,2.194156242,control,control,16.02171182
21,2020,all,2.364193707,control,control,16.73899955
21,2021,all,2.63050176,control,control,18.11791571
21,2022,all,2.832803535,control,control,16.92604903
21,2015,all,1.879594453,control,control,
21,2016,all,1.987266666,control,control,17.1
21,2017,all,2.100845801,control,control,16.0
21,2018,all,2.290364696,control,control,17.43406012
21,2019,all,2.18869412,control,control,16.02171182
21,2020,all,2.606399156,control,control,16.73899955
21,2021,all,2.457854515,control,control,18.11791571
21,2022,all,2.10003133,control,control,16.92604903
21,2015,all,1.978297474,control,control,
21,2016,all,2.01427349,control,control,17.1
21,2017,all,1.850701646,control,control,16.0
21,2018,all,2.073832813,control,control,17.43406012
21,2019,all,2.238234748,control,control,16.02171182
21,2020,all,2.261798013,control,control,16.73899955
21,2021,all,2.796722354,control,control,18.11791571
21,2022,all,2.124206423,control,control,16.92604903
21,2015,all,2.088204266,control,control,
21,2016,all,2.023502288,control,control,17.1
21,2017,all,2.210696215,control,control,16.0
21,2018,all,2.183271822,control,control,17.43406012
21,2019,all,2.217405496,control,control,16.02171182
21,2020,all,2.136894422,control,control,16.73899955
21,2021,all,2.222947917,control,control,18.11791571
4,2015,all,1.386552591,elevated,4.5,
4,2016,all,1.431978257,elevated,4.5,23.3
4,2017,all,1.465110986,elevated,4.5,22.6
4,2018,all,1.401528614,elevated,4.5,24.17048216
4,2019,all,1.859194536,elevated,4.5,22.42895052
4,2020,all,1.643288898,elevated,4.5,23.22963789
4,2021,all,1.931644202,elevated,4.5,24.01854077
4,2022,all,1.955579252,elevated,4.5,22.80444673
4,2015,all,1.294062089,elevated,4.5,
4,2016,all,1.529691693,elevated,4.5,23.3
4,2017,all,1.423710875,elevated,4.5,22.6
4,2018,all,1.414887495,elevated,4.5,24.17048216
4,2019,all,1.565065072,elevated,4.5,22.42895052
4,2020,all,1.738512401,elevated,4.5,23.22963789
4,2021,all,1.621792398,elevated,4.5,24.01854077
4,2022,all,1.86064658,elevated,4.5,22.80444673
4,2015,all,1.434977622,elevated,4.5,
4,2016,all,1.533062583,elevated,4.5,23.3
4,2017,all,1.397887832,elevated,4.5,22.6
4,2018,all,1.355308333,elevated,4.5,24.17048216
4,2019,all,1.763368564,elevated,4.5,22.42895052
4,2020,all,1.798350736,elevated,4.5,23.22963789
4,2021,all,1.763089552,elevated,4.5,24.01854077
4,2022,all,1.972799749,elevated,4.5,22.80444673
4,2015,all,1.287321117,elevated,4.5,
4,2016,all,1.783424251,elevated,4.5,23.3
4,2017,all,1.403057304,elevated,4.5,22.6
4,2018,all,1.435994911,elevated,4.5,24.17048216
4,2019,all,1.639711628,elevated,4.5,22.42895052
4,2020,all,1.861770914,elevated,4.5,23.22963789
4,2021,all,1.767750067,elevated,4.5,24.01854077
4,2022,all,1.89675683,elevated,4.5,22.80444673
4,2015,all,1.364851668,elevated,4.5,
4,2016,all,1.599132645,elevated,4.5,23.3
4,2017,all,1.51778491,elevated,4.5,22.6
4,2018,all,1.456103167,elevated,4.5,24.17048216
4,2019,all,1.72954534,elevated,4.5,22.42895052
4,2020,all,1.806283543,elevated,4.5,23.22963789
4,2021,all,1.687763676,elevated,4.5,24.01854077
4,2022,all,2.061207064,elevated,4.5,22.80444673
4,2015,all,1.281087102,elevated,4.5,
4,2016,all,1.832912726,elevated,4.5,23.3
4,2017,all,1.424257867,elevated,4.5,22.6
4,2018,all,1.493600543,elevated,4.5,24.17048216
4,2019,all,1.717372409,elevated,4.5,22.42895052
4,2020,all,1.732247177,elevated,4.5,23.22963789
4,2021,all,1.924887607,elevated,4.5,24.01854077
4,2022,all,2.051946286,elevated,4.5,22.80444673
4,2015,all,1.409868574,elevated,4.5,
4,2016,all,1.694930476,elevated,4.5,23.3
4,2017,all,1.526853046,elevated,4.5,22.6
4,2018,all,1.469191805,elevated,4.5,24.17048216
4,2019,all,1.685107137,elevated,4.5,22.42895052
4,2020,all,2.041827529,elevated,4.5,23.22963789
4,2021,all,2.058734782,elevated,4.5,24.01854077
4,2022,all,2.232413735,elevated,4.5,22.80444673
4,2015,all,1.340407329,elevated,4.5,
4,2016,all,1.404363664,elevated,4.5,23.3
4,2017,all,1.578261622,elevated,4.5,22.6
4,2018,all,1.440703368,elevated,4.5,24.17048216
4,2019,all,1.593287151,elevated,4.5,22.42895052
4,2020,all,1.783773198,elevated,4.5,23.22963789
4,2021,all,1.859809542,elevated,4.5,24.01854077
4,2022,all,1.783017102,elevated,4.5,22.80444673
4,2015,all,1.353917999,elevated,4.5,
4,2016,all,1.595897839,elevated,4.5,23.3
4,2017,all,1.448333171,elevated,4.5,22.6
4,2018,all,1.605216234,elevated,4.5,24.17048216
4,2019,all,1.635633812,elevated,4.5,22.42895052
4,2020,all,1.990156393,elevated,4.5,23.22963789
4,2021,all,1.791875913,elevated,4.5,24.01854077
4,2022,all,2.007552936,elevated,4.5,22.80444673
4,2015,all,1.532989067,elevated,4.5,
4,2016,all,1.530326077,elevated,4.5,23.3
4,2017,all,1.361440396,elevated,4.5,22.6
4,2018,all,1.433789671,elevated,4.5,24.17048216
4,2019,all,1.618063536,elevated,4.5,22.42895052
4,2020,all,1.715527632,elevated,4.5,23.22963789
4,2021,all,2.05353313,elevated,4.5,24.01854077
4,2022,all,1.829490226,elevated,4.5,22.80444673
6,2015,all,1.394977526,ambient,0,
6,2016,all,1.870995292,ambient,0,19.1
6,2017,all,1.587553251,ambient,0,18.1
6,2018,all,1.455229544,ambient,0,19.68981224
6,2019,all,1.697864273,ambient,0,18.02054074
6,2020,all,1.741414082,ambient,0,18.83159836
6,2021,all,1.970145789,ambient,0,19.57354852
6,2022,all,2.312194421,ambient,0,18.70020072
6,2015,all,1.301747453,ambient,0,
6,2016,all,1.637832131,ambient,0,19.1
6,2017,all,1.412635315,ambient,0,18.1
6,2018,all,1.499812015,ambient,0,19.68981224
6,2019,all,1.610604047,ambient,0,18.02054074
6,2020,all,1.872995053,ambient,0,18.83159836
6,2021,all,1.850049413,ambient,0,19.57354852
6,2022,all,2.068979786,ambient,0,18.70020072
6,2015,all,1.345100678,ambient,0,
6,2016,all,1.458030807,ambient,0,19.1
6,2017,all,1.33917177,ambient,0,18.1
6,2018,all,1.478267736,ambient,0,19.68981224
6,2019,all,1.601120762,ambient,0,18.02054074
6,2020,all,1.86373013,ambient,0,18.83159836
6,2021,all,1.936811253,ambient,0,19.57354852
6,2022,all,1.944896971,ambient,0,18.70020072
6,2015,all,1.603768948,ambient,0,
6,2016,all,1.436651254,ambient,0,19.1
6,2017,all,1.339316457,ambient,0,18.1
6,2018,all,1.682109468,ambient,0,19.68981224
6,2019,all,1.581903742,ambient,0,18.02054074
6,2020,all,2.119400665,ambient,0,18.83159836
6,2021,all,1.776346089,ambient,0,19.57354852
6,2022,all,1.794710298,ambient,0,18.70020072
6,2015,all,1.341247477,ambient,0,
6,2016,all,1.413134442,ambient,0,19.1
6,2017,all,1.388117556,ambient,0,18.1
6,2018,all,1.701691327,ambient,0,19.68981224
6,2019,all,1.583577817,ambient,0,18.02054074
6,2020,all,1.91059278,ambient,0,18.83159836
6,2021,all,2.098243113,ambient,0,19.57354852
6,2022,all,2.034750426,ambient,0,18.70020072
6,2015,all,1.540509034,ambient,0,
6,2016,all,1.58402695,ambient,0,19.1
6,2017,all,1.481743598,ambient,0,18.1
6,2018,all,1.443396088,ambient,0,19.68981224
6,2019,all,1.61447368,ambient,0,18.02054074
6,2020,all,1.820202387,ambient,0,18.83159836
6,2021,all,1.981966739,ambient,0,19.57354852
6,2022,all,2.510966039,ambient,0,18.70020072
6,2015,all,1.448173379,ambient,0,
6,2016,all,1.513276293,ambient,0,19.1
6,2017,all,1.374770939,ambient,0,18.1
6,2018,all,1.644308854,ambient,0,19.68981224
6,2019,all,1.634736377,ambient,0,18.02054074
6,2020,all,1.797251515,ambient,0,18.83159836
6,2021,all,2.13665815,ambient,0,19.57354852
6,2022,all,1.870354099,ambient,0,18.70020072
6,2015,all,1.449679922,ambient,0,
6,2016,all,1.736539155,ambient,0,19.1
6,2017,all,1.43429309,ambient,0,18.1
6,2018,all,1.633617354,ambient,0,19.68981224
6,2019,all,1.541693491,ambient,0,18.02054074
6,2020,all,1.712187574,ambient,0,18.83159836
6,2021,all,1.836122305,ambient,0,19.57354852
6,2022,all,2.127285597,ambient,0,18.70020072
6,2015,all,1.328375606,ambient,0,
6,2016,all,1.758183214,ambient,0,19.1
6,2017,all,1.439941708,ambient,0,18.1
6,2018,all,1.54995694,ambient,0,19.68981224
6,2019,all,1.6420097,ambient,0,18.02054074
6,2020,all,1.652258174,ambient,0,18.83159836
6,2021,all,1.841623127,ambient,0,19.57354852
6,2022,all,1.893822764,ambient,0,18.70020072
6,2015,all,1.5067755,ambient,0,
6,2016,all,1.33373817,ambient,0,19.1
6,2017,all,1.37999055,ambient,0,18.1
6,2018,all,1.518727233,ambient,0,19.68981224
6,2019,all,1.512028632,ambient,0,18.02054074
6,2020,all,1.70903281,ambient,0,18.83159836
6,2021,all,1.774223596,ambient,0,19.57354852
6,2022,all,1.844057094,ambient,0,18.70020072
7,2015,all,1.230173749,control,control,
7,2016,all,1.260441401,control,control,17.1
7,2017,all,1.366292638,control,control,16.0
7,2018,all,2.562835895,control,control,17.07076563
7,2019,all,1.66109029,control,control,16.24456507
7,2020,all,2.033715925,control,control,17.07768954
7,2021,all,1.896018199,control,control,17.59887443
7,2022,all,1.792713202,control,control,16.64500966
7,2015,all,1.426903062,control,control,
7,2016,all,1.30898519,control,control,17.1
7,2017,all,1.462633742,control,control,16.0
7,2018,all,1.566088254,control,control,17.07076563
7,2019,all,1.588934958,control,control,16.24456507
7,2020,all,1.932919506,control,control,17.07768954
7,2021,all,1.723852719,control,control,17.59887443
7,2022,all,1.732920895,control,control,16.64500966
7,2015,all,1.461785465,control,control,
7,2016,all,1.82177643,control,control,17.1
7,2017,all,1.479655025,control,control,16.0
7,2018,all,1.521205233,control,control,17.07076563
7,2019,all,1.520413707,control,control,16.24456507
7,2020,all,1.902256009,control,control,17.07768954
7,2021,all,1.65706918,control,control,17.59887443
7,2022,all,1.703574043,control,control,16.64500966
7,2015,all,1.411785905,control,control,
7,2016,all,1.372587469,control,control,17.1
7,2017,all,1.399770438,control,control,16.0
7,2018,all,1.750429856,control,control,17.07076563
7,2019,all,1.56655242,control,control,16.24456507
7,2020,all,1.735740266,control,control,17.07768954
7,2021,all,1.873600396,control,control,17.59887443
7,2022,all,1.720329663,control,control,16.64500966
7,2015,all,1.237643833,control,control,
7,2016,all,1.495516213,control,control,17.1
7,2017,all,1.374144022,control,control,16.0
7,2018,all,1.479357873,control,control,17.07076563
7,2019,all,1.619149044,control,control,16.24456507
7,2020,all,1.537765044,control,control,17.07768954
7,2021,all,1.706027153,control,control,17.59887443
7,2022,all,1.787977184,control,control,16.64500966
7,2015,all,1.234060022,control,control,
7,2016,all,1.338607345,control,control,17.1
7,2017,all,1.427811714,control,control,16.0
7,2018,all,1.572512557,control,control,17.07076563
7,2019,all,1.648725201,control,control,16.24456507
7,2020,all,1.794207186,control,control,17.07768954
7,2021,all,1.758161905,control,control,17.59887443
7,2022,all,1.836553185,control,control,16.64500966
7,2015,all,1.705085437,control,control,
7,2016,all,1.340843036,control,control,17.1
7,2017,all,1.456340457,control,control,16.0
7,2018,all,1.623252586,control,control,17.07076563
7,2019,all,1.598350647,control,control,16.24456507
7,2020,all,1.798000956,control,control,17.07768954
7,2021,all,1.895873571,control,control,17.59887443
7,2022,all,1.852729869,control,control,16.64500966
7,2015,all,1.210858118,control,control,
7,2016,all,1.33384945,control,control,17.1
7,2017,all,1.480806042,control,control,16.0
7,2018,all,1.517068515,control,control,17.07076563
7,2019,all,1.600774327,control,control,16.24456507
7,2020,all,1.844147748,control,control,17.07768954
7,2021,all,1.776689222,control,control,17.59887443
7,2022,all,2.203297957,control,control,16.64500966
7,2015,all,1.316574237,control,control,
7,2016,all,1.389145207,control,control,17.1
7,2017,all,1.507313665,control,control,16.0
7,2018,all,1.974658533,control,control,17.07076563
7,2019,all,1.646254451,control,control,16.24456507
7,2020,all,1.684121389,control,control,17.07768954
7,2021,all,2.075993011,control,control,17.59887443
7,2022,all,1.760945889,control,control,16.64500966
7,2015,all,1.302854279,control,control,
7,2016,all,1.29800897,control,control,17.1
7,2017,all,1.413528477,control,control,16.0
7,2018,all,1.589514855,control,control,17.07076563
7,2019,all,2.308669427,control,control,16.24456507
7,2020,all,1.691671882,control,control,17.07768954
7,2021,all,1.729991647,control,control,17.59887443
7,2022,all,1.887994201,control,control,16.64500966
8,2015,all,1.914445222,ambient,6.75,
8,2016,all,1.910325216,ambient,6.75,25.5
8,2017,all,1.664464044,ambient,6.75,24.6
8,2018,all,1.80418423,ambient,6.75,26.3964349
8,2019,all,1.886924594,ambient,6.75,24.7258111
8,2020,all,2.567548293,ambient,6.75,25.68966191
8,2021,all,2.277456186,ambient,6.75,26.36465526
8,2022,all,2.295434956,ambient,6.75,25.36566168
8,2015,all,1.455043024,ambient,6.75,
8,2016,all,1.611211897,ambient,6.75,25.5
8,2017,all,1.804161217,ambient,6.75,24.6
8,2018,all,1.770921118,ambient,6.75,26.3964349
8,2019,all,1.937153336,ambient,6.75,24.7258111
8,2020,all,2.172584164,ambient,6.75,25.68966191
8,2021,all,2.128206677,ambient,6.75,26.36465526
8,2022,all,2.30999063,ambient,6.75,25.36566168
8,2015,all,1.46807205,ambient,6.75,
8,2016,all,1.844302184,ambient,6.75,25.5
8,2017,all,1.547022937,ambient,6.75,24.6
8,2018,all,1.666540136,ambient,6.75,26.3964349
8,2019,all,1.913813175,ambient,6.75,24.7258111
8,2020,all,2.189033449,ambient,6.75,25.68966191
8,2021,all,1.974619689,ambient,6.75,26.36465526
8,2022,all,2.308439707,ambient,6.75,25.36566168
8,2015,all,1.566866949,ambient,6.75,
8,2016,all,1.666822239,ambient,6.75,25.5
8,2017,all,1.665643006,ambient,6.75,24.6
8,2018,all,1.81003928,ambient,6.75,26.3964349
8,2019,all,1.816740081,ambient,6.75,24.7258111
8,2020,all,2.308403575,ambient,6.75,25.68966191
8,2021,all,2.179403383,ambient,6.75,26.36465526
8,2022,all,2.166234767,ambient,6.75,25.36566168
8,2015,all,1.61910896,ambient,6.75,
8,2016,all,1.870592029,ambient,6.75,25.5
8,2017,all,1.552214561,ambient,6.75,24.6
8,2018,all,1.903006162,ambient,6.75,26.3964349
8,2019,all,1.770553213,ambient,6.75,24.7258111
8,2020,all,2.163811645,ambient,6.75,25.68966191
8,2021,all,2.062736793,ambient,6.75,26.36465526
8,2022,all,2.336337803,ambient,6.75,25.36566168
8,2015,all,1.799185783,ambient,6.75,
8,2016,all,1.634155853,ambient,6.75,25.5
8,2017,all,1.811390619,ambient,6.75,24.6
8,2018,all,1.982643731,ambient,6.75,26.3964349
8,2019,all,1.791434996,ambient,6.75,24.7258111
8,2020,all,1.946296576,ambient,6.75,25.68966191
8,2021,all,2.110207773,ambient,6.75,26.36465526
8,2022,all,2.009061197,ambient,6.75,25.36566168
8,2015,all,1.652802542,ambient,6.75,
8,2016,all,1.653407065,ambient,6.75,25.5
8,2017,all,1.700442405,ambient,6.75,24.6
8,2018,all,1.733137953,ambient,6.75,26.3964349
8,2019,all,1.919682706,ambient,6.75,24.7258111
8,2020,all,1.959716915,ambient,6.75,25.68966191
8,2021,all,2.003645748,ambient,6.75,26.36465526
8,2022,all,2.117310901,ambient,6.75,25.36566168
8,2015,all,1.580398969,ambient,6.75,
8,2016,all,1.5794601,ambient,6.75,25.5
8,2017,all,1.528408606,ambient,6.75,24.6
8,2018,all,1.887340019,ambient,6.75,26.3964349
8,2019,all,1.749511417,ambient,6.75,24.7258111
8,2020,all,2.050142231,ambient,6.75,25.68966191
8,2021,all,2.175656225,ambient,6.75,26.36465526
8,2022,all,2.076339172,ambient,6.75,25.36566168
8,2015,all,1.746876972,ambient,6.75,
8,2016,all,1.856618279,ambient,6.75,25.5
8,2017,all,1.623322185,ambient,6.75,24.6
8,2018,all,1.932553179,ambient,6.75,26.3964349
8,2019,all,1.972525702,ambient,6.75,24.7258111
8,2020,all,1.982046674,ambient,6.75,25.68966191
8,2021,all,2.156433969,ambient,6.75,26.36465526
8,2022,all,2.118393717,ambient,6.75,25.36566168
8,2015,all,1.711281984,ambient,6.75,
8,2016,all,1.905096204,ambient,6.75,25.5
8,2017,all,1.740589594,ambient,6.75,24.6
8,2018,all,1.687713425,ambient,6.75,26.3964349
8,2019,all,1.694627672,ambient,6.75,24.7258111
8,2020,all,2.040038201,ambient,6.75,25.68966191
8,2021,all,2.207698992,ambient,6.75,26.36465526
8,2022,all,2.101771092,ambient,6.75,25.36566168
